Date,21-Day,63-Day,126-Day
2020-07-01 00:00:00+00:00,65.7909344135303,98.01454397686864,259.00841658036364
2020-07-02 00:00:00+00:00,63.93887795795998,92.62890921669863,257.48576684422426
2020-07-06 00:00:00+00:00,61.97200288957078,89.38927107152756,256.1708143240164
2020-07-07 00:00:00+00:00,57.107676066960856,86.40175935281486,254.75794616830382
2020-07-08 00:00:00+00:00,54.607644717557704,82.44427340242012,253.36151367705173
2020-07-09 00:00:00+00:00,53.222672650280224,79.91218681379425,251.84556240527343
2020-07-10 00:00:00+00:00,53.52179765688584,78.44308218903275,250.2375166748188
2020-07-13 00:00:00+00:00,42.84843344049645,76.38001948199897,248.4516683898019
2020-07-14 00:00:00+00:00,40.006163994931065,75.73171897419569,246.65127849148965
2020-07-15 00:00:00+00:00,39.981258554704844,74.09849900069,244.9080186162304
2020-07-16 00:00:00+00:00,39.87390315181784,72.58420413522967,243.1297580200286
2020-07-17 00:00:00+00:00,41.98315875984256,72.36641068808177,241.44671542514578
2020-07-20 00:00:00+00:00,45.32922727672002,69.25991515356259,239.79372554474378
2020-07-21 00:00:00+00:00,44.28997889680091,64.13145895628342,238.22678511436894
2020-07-22 00:00:00+00:00,46.67043047602971,61.36367315911651,236.69463802097368
2020-07-23 00:00:00+00:00,46.91259339012372,57.964663703565535,235.01514445343335
2020-07-24 00:00:00+00:00,44.11901427711569,57.52602815775108,233.61511683309868
2020-07-27 00:00:00+00:00,43.53841317451846,58.18940073992471,232.87174175847267
2020-07-28 00:00:00+00:00,36.921064682778066,58.46251330330314,231.76698095831577
2020-07-29 00:00:00+00:00,35.49571433095211,59.5435357835115,230.78707817131092
2020-07-30 00:00:00+00:00,34.46185129452991,59.72263667098626,229.58811821048783
2020-07-31 00:00:00+00:00,34.937320176759634,58.61581766634601,228.93074288197462
2020-08-03 00:00:00+00:00,35.77909300369829,57.99687638836515,228.15849206157696
2020-08-04 00:00:00+00:00,36.7152549534562,58.347542435805686,227.1240571156599
2020-08-05 00:00:00+00:00,36.78464931926169,58.71313664655917,226.004625068413
2020-08-06 00:00:00+00:00,37.873011273443474,59.813298353614485,224.87868146968427
2020-08-07 00:00:00+00:00,37.70061853077251,61.23129474954459,223.88582633101004
2020-08-10 00:00:00+00:00,38.823724831902425,62.59389533248053,222.81676155720302
2020-08-11 00:00:00+00:00,29.645088320214537,62.60308803932288,221.55213467997802
2020-08-12 00:00:00+00:00,25.642694836485575,62.2611945729917,220.19485628536324
2020-08-13 00:00:00+00:00,24.031005375752798,62.81947930711035,218.92371041239974
2020-08-14 00:00:00+00:00,20.965315278235973,63.48975610726965,217.55610167830724
2020-08-17 00:00:00+00:00,21.845260229604893,64.78066686809083,216.4948591567939
2020-08-18 00:00:00+00:00,23.008585217319173,65.75386903557761,215.31504590713814
2020-08-19 00:00:00+00:00,22.846675099579013,66.54839932131821,214.22267478337466
2020-08-20 00:00:00+00:00,22.80167058599883,67.13452177073268,213.37855763435857
2020-08-21 00:00:00+00:00,20.832165682481527,67.84250684744067,213.66067444589535
2020-08-24 00:00:00+00:00,18.790225705149005,68.56927874298522,214.21029457410475
2020-08-25 00:00:00+00:00,18.138571581452346,69.3724971844545,214.77758689828448
2020-08-26 00:00:00+00:00,15.822165269014667,69.75999757988743,215.4342726918263
2020-08-27 00:00:00+00:00,16.232714925254363,69.95815072119223,215.90348534241656
2020-08-28 00:00:00+00:00,14.738121326521576,70.40052336299892,216.60614186885263
2020-08-31 00:00:00+00:00,18.562824246389653,70.40981072084854,216.96414366569238
2020-09-01 00:00:00+00:00,21.205642816285195,70.38034617831252,217.30169176805006
2020-09-02 00:00:00+00:00,24.492205604296608,70.34438850820186,217.55317575498216
2020-09-03 00:00:00+00:00,43.799471102102004,71.37193206647443,217.3458386685696
2020-09-04 00:00:00+00:00,50.08487665130416,71.67556371518026,215.65826356645516
2020-09-08 00:00:00+00:00,55.835039775898366,72.16942102481859,214.9796622399675
2020-09-09 00:00:00+00:00,57.12935676686705,72.23090560698014,213.39433696552356
2020-09-10 00:00:00+00:00,59.55127772470081,67.04509580815876,205.36254663496743
2020-09-11 00:00:00+00:00,58.99978658355688,64.53306736012243,202.8262137183867
2020-09-14 00:00:00+00:00,57.91889951294616,62.78839201152069,190.85618096483688
2020-09-15 00:00:00+00:00,56.60169941352255,61.28868149735079,181.33432156570973
2020-09-16 00:00:00+00:00,54.46071450655011,59.75121148394339,170.73370513951826
2020-09-17 00:00:00+00:00,52.17804364138186,58.35227716699719,161.488355769359
2020-09-18 00:00:00+00:00,50.60706596985874,55.67894100485998,154.41991003058683
2020-09-21 00:00:00+00:00,49.22580597828537,54.66719022177185,148.6549688209852
2020-09-22 00:00:00+00:00,47.13027979452159,53.70318983721269,142.5487422236618
2020-09-23 00:00:00+00:00,44.86707580502321,51.66522655445589,134.86453211972074
2020-09-24 00:00:00+00:00,41.38814758230373,50.410055761709295,128.0345542883161
2020-09-25 00:00:00+00:00,38.938290627010005,47.259069914574994,118.29401110088966
2020-09-28 00:00:00+00:00,37.73936742655443,45.757029221787434,112.27137258400738
2020-09-29 00:00:00+00:00,34.31789179900839,44.817289413044726,107.44218166521274
2020-09-30 00:00:00+00:00,34.33637001373747,44.466399738997744,100.48523393750162
2020-10-01 00:00:00+00:00,34.068980606939526,44.337803981350646,96.01543008950831
2020-10-02 00:00:00+00:00,33.83275797720514,44.27982881138609,92.91437816926401
2020-10-05 00:00:00+00:00,26.29582581702908,43.87821813513861,90.20939238604412
2020-10-06 00:00:00+00:00,24.60570324027138,44.2717846669106,86.7821962767736
2020-10-07 00:00:00+00:00,19.90010849247911,43.94815344288837,84.44898189888482
2020-10-08 00:00:00+00:00,19.255885594269028,43.85268728701167,82.63423439685879
2020-10-09 00:00:00+00:00,18.148279345044223,41.84538617733183,80.99789934412077
2020-10-12 00:00:00+00:00,19.21770174479481,41.0883682763427,80.18799909182331
2020-10-13 00:00:00+00:00,19.094218892046175,40.85292931876044,78.4231886720569
2020-10-14 00:00:00+00:00,18.638261824677734,40.57894287471833,76.78004392407065
2020-10-15 00:00:00+00:00,18.40144186016352,40.68770302137159,75.59160860096937
2020-10-16 00:00:00+00:00,18.40856461948632,40.81105250775159,72.37606476761404
2020-10-19 00:00:00+00:00,19.475016513944205,41.42724246262304,68.19028096020328
2020-10-20 00:00:00+00:00,20.868964506327526,42.008940237311464,65.33925278972902
2020-10-21 00:00:00+00:00,21.435609488654528,42.41888129492153,62.559608714839534
2020-10-22 00:00:00+00:00,21.132330894914073,42.685200644622064,61.54003398325417
2020-10-23 00:00:00+00:00,20.664048816461268,42.780866464062605,61.07443150666989
2020-10-26 00:00:00+00:00,27.299346336029338,44.7911372331868,60.88768818504934
2020-10-27 00:00:00+00:00,33.560532452130616,47.02748089372469,61.19296078168657
2020-10-28 00:00:00+00:00,54.142529606462425,54.86431300003895,63.0337748735478
2020-10-29 00:00:00+00:00,61.976136701582654,59.17599720035323,63.15393257501833
2020-10-30 00:00:00+00:00,68.6591977977415,63.296848832059425,63.7399485649063
2020-11-02 00:00:00+00:00,73.02655449402866,66.31429138143197,64.55299441490216
2020-11-03 00:00:00+00:00,75.03258912762224,68.0000406294682,64.85573441319828
2020-11-04 00:00:00+00:00,75.01959042499087,67.5447775096187,64.71220056966082
2020-11-05 00:00:00+00:00,75.22534705266668,66.76162239441501,64.71530890439355
2020-11-06 00:00:00+00:00,76.40166757715276,66.1146398112127,64.8672665908287
2020-11-09 00:00:00+00:00,75.78871823923602,65.84825932207926,64.54529377726031
2020-11-10 00:00:00+00:00,76.03015189180202,65.23915002527524,63.84324777886486
2020-11-11 00:00:00+00:00,78.37905116014478,64.85327641144691,63.78507295427203
2020-11-12 00:00:00+00:00,79.10002638576647,64.0615122965068,63.60844089028028
2020-11-13 00:00:00+00:00,82.13270239999675,63.46807129145372,63.90566565151331
2020-11-16 00:00:00+00:00,85.78643718219745,63.13088893065739,64.20305985446961
2020-11-17 00:00:00+00:00,89.16145554172486,63.076686746585935,64.57607862700127
2020-11-18 00:00:00+00:00,91.22909644602412,62.76519596734891,64.73183685281063
2020-11-19 00:00:00+00:00,93.59941843851718,62.58873830834721,65.02767075582803
2020-11-20 00:00:00+00:00,95.29159374362887,62.192001101106115,65.24485842069176
2020-11-23 00:00:00+00:00,97.4998012128654,61.97404186041985,65.59737483168271
2020-11-24 00:00:00+00:00,99.07512215933546,62.5239138738338,66.08344124071029
2020-11-25 00:00:00+00:00,99.59695205277866,63.50485817920975,66.6475867675175
2020-11-27 00:00:00+00:00,90.11768845874093,64.26566053195552,67.26116720059255
2020-11-30 00:00:00+00:00,82.51763484519321,65.72194478871513,67.92192978972037
2020-12-01 00:00:00+00:00,70.62412411672102,67.01406309967783,68.49701135021412
2020-12-02 00:00:00+00:00,55.52567146492253,68.12926612456504,68.9958651689827
2020-12-03 00:00:00+00:00,37.22362544271839,67.92514468604021,69.39468574982898
2020-12-04 00:00:00+00:00,30.58595103508732,68.6459655601077,69.9455344031635
2020-12-07 00:00:00+00:00,25.960082920951812,68.91385897382871,70.41604547885632
2020-12-08 00:00:00+00:00,25.485249666578966,69.83602521089051,70.97994603469473
2020-12-09 00:00:00+00:00,22.459379391288515,70.08131295552123,68.49811425557365
2020-12-10 00:00:00+00:00,20.53302380567034,70.52616962816737,67.47683945712633
2020-12-11 00:00:00+00:00,20.42802552908197,70.79342906287373,66.74864042989563
2020-12-14 00:00:00+00:00,19.271344365740287,70.85469836000095,66.04059534043017
2020-12-15 00:00:00+00:00,19.151189333745393,71.19454021672003,65.49968273313242
2020-12-16 00:00:00+00:00,19.162902871932275,71.60342757801706,65.08341046281703
2020-12-17 00:00:00+00:00,19.050475589890727,72.12210965057726,64.1823594468297
2020-12-18 00:00:00+00:00,18.00666045422408,72.6368962831794,64.04510732546638
2020-12-21 00:00:00+00:00,20.816248218128905,72.64435498643077,63.63563087758805
2020-12-22 00:00:00+00:00,21.410871401737218,72.55556132670813,62.74008661122042
2020-12-23 00:00:00+00:00,21.74183067085931,72.57146555638967,62.244452334145215
2020-12-24 00:00:00+00:00,21.776287632846255,73.09379685443655,61.30663345675289
2020-12-28 00:00:00+00:00,21.60400644406119,73.55814351914364,61.014427824938146
2020-12-29 00:00:00+00:00,21.29068096159281,73.74734426712477,60.7799604289323
2020-12-30 00:00:00+00:00,20.44883089647367,73.97039204128417,60.788498898168434
2020-12-31 00:00:00+00:00,19.648280865605983,74.16784530756438,60.86712883988316
2021-01-04 00:00:00+00:00,24.547514408574152,74.10630946700161,60.80984441245184
2021-01-05 00:00:00+00:00,25.54158061293676,73.95143138004202,60.57450494256608
2021-01-06 00:00:00+00:00,25.346792709364163,73.52422026824625,60.4792183197642
2021-01-07 00:00:00+00:00,24.63780529078724,73.59413704195332,60.426434944009635
2021-01-08 00:00:00+00:00,23.68523698994955,73.96279438334687,60.638299408066324
2021-01-11 00:00:00+00:00,23.603480746443093,74.00164905719099,59.91823803638271
2021-01-12 00:00:00+00:00,23.431129595178913,74.1055187456728,59.70930008847629
2021-01-13 00:00:00+00:00,23.75729481372161,74.33870738692849,59.78270069049384
2021-01-14 00:00:00+00:00,23.18041584904948,74.40112078196204,59.736402144462716
2021-01-15 00:00:00+00:00,23.463552150338298,74.3273304159152,59.750053515606176
2021-01-19 00:00:00+00:00,23.289763430953702,74.27319831433459,59.80978256560521
2021-01-20 00:00:00+00:00,23.583305412093566,74.112605544678,60.037246721778615
2021-01-21 00:00:00+00:00,23.829882409921822,73.9076480162801,60.28245745837086
2021-01-22 00:00:00+00:00,23.27767820921604,73.71205572064167,60.45453349219996
2021-01-25 00:00:00+00:00,22.94041838290015,73.44311600466001,60.51535579244263
2021-01-26 00:00:00+00:00,22.927444644711773,73.26753492677943,60.59015857117824
2021-01-27 00:00:00+00:00,53.52450426941785,75.91987942010468,62.933283433034475
2021-01-28 00:00:00+00:00,57.25871634983315,74.70312911499956,63.295879824875904
2021-01-29 00:00:00+00:00,64.73972829123304,69.78126480967832,64.23622358848107
2021-02-01 00:00:00+00:00,67.05629185738823,65.58258513166824,64.58711007929766
2021-02-02 00:00:00+00:00,66.54063663127639,59.471838682641206,64.56639438891084
2021-02-03 00:00:00+00:00,66.66206858145686,53.337682842883765,64.62224037672975
2021-02-04 00:00:00+00:00,67.57448406674791,47.976878673562396,64.73829147913847
2021-02-05 00:00:00+00:00,68.94012189199717,46.79257708613214,64.94085029670904
2021-02-08 00:00:00+00:00,69.51589537757849,46.296319231526134,65.05169207601175
2021-02-09 00:00:00+00:00,69.4780213602055,46.350931148069876,65.10626332062505
2021-02-10 00:00:00+00:00,70.04282131720343,46.18982370535907,65.2566303801801
2021-02-11 00:00:00+00:00,70.83972676438216,46.283197154739824,65.37159082794209
2021-02-12 00:00:00+00:00,72.1186845865148,46.75703522197812,65.65861538410303
2021-02-16 00:00:00+00:00,72.70365770205377,46.69102227190078,65.72384274111965
2021-02-17 00:00:00+00:00,73.29330057489524,46.811533721380776,65.70575499033535
2021-02-18 00:00:00+00:00,73.44430481607984,46.809158238212255,65.60464197339695
2021-02-19 00:00:00+00:00,73.26542858482459,46.85321080414854,65.65080870289485
2021-02-22 00:00:00+00:00,72.63721389598288,46.836146458885715,65.59972204760216
2021-02-23 00:00:00+00:00,72.29044765496003,46.836146458885715,65.55515708879227
2021-02-24 00:00:00+00:00,72.8977860956076,46.958641394579274,65.66628728613706
2021-02-25 00:00:00+00:00,74.60549997723767,48.35363723940917,65.681128386569
2021-02-26 00:00:00+00:00,60.031858226839226,49.166742504288464,65.70621627240592
2021-03-01 00:00:00+00:00,55.556505020724174,48.990066686865966,65.75909621787616
2021-03-02 00:00:00+00:00,43.72559624259307,48.749185951820685,65.69197570169558
2021-03-03 00:00:00+00:00,37.830904440788174,48.84435351070227,65.70063178240879
2021-03-04 00:00:00+00:00,41.61842193312276,49.57044416871501,65.84175097247811
2021-03-05 00:00:00+00:00,41.92133154607366,49.364661985677586,65.8331521690853
2021-03-08 00:00:00+00:00,42.230515327067515,49.254635419997534,64.80262555222593
2021-03-09 00:00:00+00:00,41.22452687723761,48.894368175045884,64.37877591735673
2021-03-10 00:00:00+00:00,40.528366607389074,48.69934202644032,63.90244890163843
2021-03-11 00:00:00+00:00,40.36446338615387,48.440675145920146,63.87730695783018
2021-03-12 00:00:00+00:00,41.28121429730619,48.747964652692,63.87199735380444
2021-03-15 00:00:00+00:00,42.356315611651844,49.26383559960342,64.23118384968154
2021-03-16 00:00:00+00:00,42.55138310821704,49.89156390455601,64.65719917657489
2021-03-17 00:00:00+00:00,44.56972259071509,50.63681652913562,65.17231073822956
2021-03-18 00:00:00+00:00,44.527119097941856,50.7801199188762,65.3328397687355
2021-03-19 00:00:00+00:00,45.248201375186845,51.00937719880027,65.54170974350758
2021-03-22 00:00:00+00:00,47.664975907487445,51.76580092475348,66.08055847159676
2021-03-23 00:00:00+00:00,48.69510020956735,52.021568776588325,66.26030342033927
2021-03-24 00:00:00+00:00,49.113388718598934,52.10959955445922,66.38874716892008
2021-03-25 00:00:00+00:00,50.02657455372632,52.582615877605875,66.52823642992615
2021-03-26 00:00:00+00:00,46.824037595830546,53.34852404167646,66.8087309785394
2021-03-29 00:00:00+00:00,42.538839771590865,53.47784913293561,66.9830438937718
2021-03-30 00:00:00+00:00,43.08552755644428,53.89059685211909,67.30646598806462
2021-03-31 00:00:00+00:00,43.12085679198726,54.436721010076766,67.64487289964619
2021-04-01 00:00:00+00:00,41.56847908521373,55.67974511804684,68.33391341546648
2021-04-05 00:00:00+00:00,33.419525573315426,56.63733917042485,68.86213838586083
2021-04-06 00:00:00+00:00,31.294851044515116,56.897138486650796,69.2514247334346
2021-04-07 00:00:00+00:00,27.318897902864464,57.807194399023125,69.76407399236844
2021-04-08 00:00:00+00:00,25.0915729358644,58.75879620362044,70.08523054549441
2021-04-09 00:00:00+00:00,24.802154217584935,59.94553724070599,70.61767489544827
2021-04-12 00:00:00+00:00,24.440271935578167,60.96593669452087,71.23320482098003
2021-04-13 00:00:00+00:00,25.226044213810003,61.96727989117707,71.94589511016645
2021-04-14 00:00:00+00:00,25.78881665507044,62.84835876259977,72.56825701432071
2021-04-15 00:00:00+00:00,26.648751185531523,63.86462360046389,73.19916677580886
2021-04-16 00:00:00+00:00,27.81806083315806,64.90240677093401,73.8443006046216
2021-04-19 00:00:00+00:00,25.759936613706504,65.41776402447536,74.22237226393146
2021-04-20 00:00:00+00:00,23.969855435131887,65.682067267645,74.32810744645367
2021-04-21 00:00:00+00:00,23.956725718395187,66.25676407964411,74.35035524433471
2021-04-22 00:00:00+00:00,22.752514125126808,66.53765789107656,74.14571796111952
2021-04-23 00:00:00+00:00,19.786342884025558,67.12151078983864,74.22094121976895
2021-04-26 00:00:00+00:00,18.50443181435902,67.53049345102762,74.29855427290845
2021-04-27 00:00:00+00:00,18.0879181400485,67.94272992568743,74.4371745375572
2021-04-28 00:00:00+00:00,14.386535213183508,60.50313216840298,73.65064452071657
2021-04-29 00:00:00+00:00,12.2922888969629,58.06584155865397,72.50617464497604
2021-04-30 00:00:00+00:00,10.947367008079564,52.7814730045616,68.31872020268997
2021-05-03 00:00:00+00:00,11.368424287438573,49.35277185565828,65.16419516132564
2021-05-04 00:00:00+00:00,13.28572946829385,48.34151425168418,61.40388553881795
2021-05-05 00:00:00+00:00,14.295371980659201,48.15558890812108,57.815167993595644
2021-05-06 00:00:00+00:00,14.466771830472005,48.24290661054012,54.82304085811209
2021-05-07 00:00:00+00:00,14.65107120303325,48.78444390209577,54.27547638028199
2021-05-10 00:00:00+00:00,15.809411699137133,48.7621437801244,53.766258789517735
2021-05-11 00:00:00+00:00,20.83796820007629,48.78778515663419,53.596558075917635
2021-05-12 00:00:00+00:00,38.674940639917004,50.832290905148824,53.92918605304733
2021-05-13 00:00:00+00:00,41.35051412032598,51.10436404995441,53.79697033351546
2021-05-14 00:00:00+00:00,40.533119857369115,51.19570676108342,53.91762673553711
2021-05-17 00:00:00+00:00,39.41012511441657,51.1636392056504,53.75928785809508
2021-05-18 00:00:00+00:00,39.57072942212138,51.149946210778445,53.72856245722274
2021-05-19 00:00:00+00:00,40.73441624784953,51.100757391287424,53.72280318506052
2021-05-20 00:00:00+00:00,40.296418711843565,50.98710359739064,53.72643024365202
2021-05-21 00:00:00+00:00,40.20218177494963,50.58793753739269,53.687597557500645
2021-05-24 00:00:00+00:00,39.582427803584224,50.38697165460946,53.851178420647976
2021-05-25 00:00:00+00:00,39.000253311150324,50.40265424046915,53.91906035313279
2021-05-26 00:00:00+00:00,39.149657609920034,47.46385271362204,54.233819438139015
2021-05-27 00:00:00+00:00,39.62454782572942,45.03134155674307,54.664256758046
2021-05-28 00:00:00+00:00,40.30548354466631,44.8404080695883,55.08000784698682
2021-06-01 00:00:00+00:00,40.62247844790717,44.065566907529046,55.30828688383388
2021-06-02 00:00:00+00:00,41.07235273381984,41.83576068841097,55.583197121952345
2021-06-03 00:00:00+00:00,41.440932875153855,37.57758932790103,55.78519786682557
2021-06-04 00:00:00+00:00,42.83986628470918,36.368802990794926,56.233840514820365
2021-06-07 00:00:00+00:00,43.97321684843884,34.418421468705674,56.67309895538101
2021-06-08 00:00:00+00:00,43.70354967027823,33.06975769637868,56.99202929499598
2021-06-09 00:00:00+00:00,43.978732513258315,32.270283212736715,57.1995589752892
2021-06-10 00:00:00+00:00,44.25274840655591,32.09475869154089,57.66528769183155
2021-06-11 00:00:00+00:00,32.93302702474458,32.41844218962007,58.19113743273196
2021-06-14 00:00:00+00:00,28.84013702695626,32.60083973265825,58.558834679395325
2021-06-15 00:00:00+00:00,28.959800731812706,32.654297549857425,58.770143599908536
2021-06-16 00:00:00+00:00,28.305762050418412,32.632696501284315,58.69268826769404
2021-06-17 00:00:00+00:00,25.480835712508885,32.06746886008889,58.82056232762466
2021-06-18 00:00:00+00:00,22.615379948889398,31.992377762294275,58.784617777856745
2021-06-21 00:00:00+00:00,19.919766017744386,32.00032270488004,58.93466568629794
2021-06-22 00:00:00+00:00,17.795523677221514,31.968604282798147,59.24354586060299
2021-06-23 00:00:00+00:00,17.79762790205187,31.709328341423642,59.292945186833784
2021-06-24 00:00:00+00:00,17.466550369227537,31.89807327463679,59.499408412666135
2021-06-25 00:00:00+00:00,18.25678341265774,32.29948256150926,59.8392826179615
2021-06-28 00:00:00+00:00,18.802588379864797,32.23874734997172,60.24124336539652
2021-06-29 00:00:00+00:00,19.11639398496904,32.3607929087211,60.58512792429725
2021-06-30 00:00:00+00:00,19.247187037632358,32.54560066044472,60.86624685900121
2021-07-01 00:00:00+00:00,19.743916303949486,32.908692867515704,61.21302556459431
2021-07-02 00:00:00+00:00,20.10258318017721,33.41622835742759,61.61535461877867
2021-07-06 00:00:00+00:00,20.099502677137135,33.54516992643667,61.17575193852299
2021-07-07 00:00:00+00:00,20.149221302191336,33.68576861616985,61.05079280775173
2021-07-08 00:00:00+00:00,21.687617724111778,33.7043346623112,60.701062477769135
2021-07-09 00:00:00+00:00,21.369263372601456,33.795060648660474,60.90046745388925
2021-07-12 00:00:00+00:00,21.346845706447766,33.91608095711263,61.13830823522861
2021-07-13 00:00:00+00:00,21.058987109372563,33.858858225683115,61.03530981367565
2021-07-14 00:00:00+00:00,21.072914689449345,33.9568463642116,61.09682484006995
2021-07-15 00:00:00+00:00,21.071308737199878,33.89850358937843,61.17189415341418
2021-07-16 00:00:00+00:00,21.346964585737737,33.74839973199363,61.03856765440098
2021-07-19 00:00:00+00:00,29.066972308702088,34.931412790125115,60.829258954487976
2021-07-20 00:00:00+00:00,27.666059682868912,35.07512828167453,60.6516591780813
2021-07-21 00:00:00+00:00,27.674794112978713,35.05931036940335,60.674469393892345
2021-07-22 00:00:00+00:00,27.77265335570408,35.03955877647223,60.72246073636974
2021-07-23 00:00:00+00:00,27.672090433098624,35.05100066910002,60.77169204561705
2021-07-26 00:00:00+00:00,27.45445078192852,35.05386971180893,60.66813227657631
2021-07-27 00:00:00+00:00,27.95099851280124,35.142212170193986,60.49789328952891
2021-07-28 00:00:00+00:00,27.58902139376338,35.110789747261386,55.190489253798496
2021-07-29 00:00:00+00:00,27.133675662076786,35.10649138407029,53.15275777925637
2021-07-30 00:00:00+00:00,26.555699504233523,35.09108009236603,49.54046730779396
2021-08-02 00:00:00+00:00,26.121409847716077,35.19927174592229,47.07412603064702
2021-08-03 00:00:00+00:00,24.174145292186044,35.08421924191766,46.26040380675636
2021-08-04 00:00:00+00:00,23.55560302341713,35.01421377702943,46.002576971926075
2021-08-05 00:00:00+00:00,22.796492089977427,35.03936131945244,45.94021688944071
2021-08-06 00:00:00+00:00,23.4421987051483,35.139262873455365,46.077079357810035
2021-08-09 00:00:00+00:00,23.006936194617126,35.0710215598974,46.10773814058704
2021-08-10 00:00:00+00:00,22.49763293443849,34.24850962754238,46.08401687202106
2021-08-11 00:00:00+00:00,23.184397871680353,28.17396305818018,46.0778130609395
2021-08-12 00:00:00+00:00,23.957829088095433,26.242142399077675,46.22370741084175
2021-08-13 00:00:00+00:00,25.260144001919127,26.46415535266251,46.47137176228302
2021-08-16 00:00:00+00:00,25.815233339361857,26.232676752524114,46.50392111152619
2021-08-17 00:00:00+00:00,19.117247748594494,25.048666378962444,46.377707471191286
2021-08-18 00:00:00+00:00,22.57839745495083,24.60328015869137,46.25145090088083
2021-08-19 00:00:00+00:00,26.6564819686899,25.215435132729354,46.20193420553448
2021-08-20 00:00:00+00:00,26.79749428548216,24.712890307119142,45.74005232551526
2021-08-23 00:00:00+00:00,26.812200913338046,24.633857833137206,45.39147558929743
2021-08-24 00:00:00+00:00,26.878259749149912,24.45637926668965,45.297708321938764
2021-08-25 00:00:00+00:00,26.448566670489388,24.482513948969363,43.01261878054148
2021-08-26 00:00:00+00:00,26.675436116213426,24.630871111437408,40.922809106701344
2021-08-27 00:00:00+00:00,27.049672641441152,24.679784044120318,40.469693585660316
2021-08-30 00:00:00+00:00,27.390384692954882,24.768446802855074,39.81493928015139
2021-08-31 00:00:00+00:00,26.674053891470233,24.827270903590307,38.155033864255365
2021-09-01 00:00:00+00:00,26.912195674171528,24.90318652199322,35.42039710064546
2021-09-02 00:00:00+00:00,26.959107773094626,24.90463133421802,34.33209368124792
2021-09-03 00:00:00+00:00,27.101627506466016,24.90607580357907,32.833272103784935
2021-09-07 00:00:00+00:00,27.02927802136201,24.957797419973133,31.744691101503363
2021-09-08 00:00:00+00:00,27.05238928871686,24.96472140067204,31.102297012789712
2021-09-09 00:00:00+00:00,27.440572088952663,25.013238157839364,30.634663785713336
2021-09-10 00:00:00+00:00,29.596704503566446,25.774166275615947,30.682169801035272
2021-09-13 00:00:00+00:00,29.170640155522086,25.966718443566563,30.610087388240157
2021-09-14 00:00:00+00:00,28.33892953637459,26.243384942286827,30.57552872129614
2021-09-15 00:00:00+00:00,27.48067711623911,26.246328996262136,30.528786267696784
2021-09-16 00:00:00+00:00,27.537669168617008,26.34526798618326,30.12142591537467
2021-09-17 00:00:00+00:00,26.456149606199748,26.399646659936266,30.094453058074706
2021-09-20 00:00:00+00:00,35.45298865463611,31.03667745846003,31.98669725225431
2021-09-21 00:00:00+00:00,41.18699932694309,33.72042201907956,33.05819728022146
2021-09-22 00:00:00+00:00,41.56085262136125,34.137011968051326,32.99882217394713
2021-09-23 00:00:00+00:00,41.184193667478276,33.9502945544669,32.91662895803392
2021-09-24 00:00:00+00:00,40.714949799443524,33.63235952474225,32.90079757135975
2021-09-27 00:00:00+00:00,40.71691855330315,33.37517136190258,32.69510623874867
2021-09-28 00:00:00+00:00,42.33843344266864,34.74454003769666,33.4415040354242
2021-09-29 00:00:00+00:00,42.374527224860124,35.5510904737175,33.98693173221134
2021-09-30 00:00:00+00:00,42.658367577982176,36.4480618244901,34.70510709544223
2021-10-01 00:00:00+00:00,40.637590091349246,36.248130495931804,34.95257075132306
2021-10-04 00:00:00+00:00,39.53962155512752,37.128555354248505,35.60073108506806
2021-10-05 00:00:00+00:00,36.902789353461856,37.22705842048179,35.833868125186136
2021-10-06 00:00:00+00:00,35.807249477117296,37.52509278530575,35.995324213823054
2021-10-07 00:00:00+00:00,34.659697427166684,37.22832161764909,35.96703120377945
2021-10-08 00:00:00+00:00,34.68185985924705,36.87192213513109,35.91790656712803
2021-10-11 00:00:00+00:00,34.79196458520876,36.807413984538876,35.91667537264459
2021-10-12 00:00:00+00:00,34.58739916899739,36.52498460397724,35.92691737158697
2021-10-13 00:00:00+00:00,35.098981503341975,36.33773354456903,35.83727795831145
2021-10-14 00:00:00+00:00,36.58586914714975,36.55052756220264,35.7743784031808
2021-10-15 00:00:00+00:00,39.085792901728595,36.12972570094667,35.86296775958483
2021-10-18 00:00:00+00:00,41.767322827723675,36.39683691884542,35.9795582120716
2021-10-19 00:00:00+00:00,39.98204079208954,36.85475903240807,36.15612947978574
2021-10-20 00:00:00+00:00,39.282416923375706,37.348147361004024,36.377201478440426
2021-10-21 00:00:00+00:00,41.80681432925884,37.938667943419055,36.651709523919926
2021-10-22 00:00:00+00:00,43.7673311660551,38.41088303305861,36.86504758867809
2021-10-25 00:00:00+00:00,45.52377547670959,38.93830902401187,37.10243899851001
2021-10-26 00:00:00+00:00,46.64758257267534,39.258497756490755,37.2175946895918
2021-10-27 00:00:00+00:00,44.066428014893326,39.34061060572399,37.250345157490074
2021-10-28 00:00:00+00:00,41.937802589895114,39.52364149927163,37.32618131619656
2021-10-29 00:00:00+00:00,38.33714625605082,39.69585069664952,37.430443141710676
2021-11-01 00:00:00+00:00,36.767242883250766,39.88252311907115,37.47384861145659
2021-11-02 00:00:00+00:00,31.623779736736022,40.142214879563404,37.573266670063305
2021-11-03 00:00:00+00:00,28.962712398976986,40.60203098434437,37.821814837525
2021-11-04 00:00:00+00:00,25.538654855291615,40.77700720264478,37.959793008478634
2021-11-05 00:00:00+00:00,23.449609566048643,40.81657006378581,37.96858483853528
2021-11-08 00:00:00+00:00,22.233860443163366,40.762963213631224,37.613960737958294
2021-11-09 00:00:00+00:00,18.965917037835883,40.55416650570731,35.08331211023621
2021-11-10 00:00:00+00:00,16.680710633142564,40.19062687932963,34.328681716319224
2021-11-11 00:00:00+00:00,15.293378157995908,39.786867457008825,34.309796127935435
2021-11-12 00:00:00+00:00,15.171688293479798,39.74922725244298,34.296141291988285
2021-11-15 00:00:00+00:00,15.185432646306923,39.91751121446093,34.00680688773606
2021-11-16 00:00:00+00:00,15.186736508599465,39.56591825591526,33.51663014591079
2021-11-17 00:00:00+00:00,15.252328749183825,39.01942469867166,33.287781989253155
2021-11-18 00:00:00+00:00,15.4378990369393,39.03079422645987,33.121572011839696
2021-11-19 00:00:00+00:00,15.2199580804072,38.9788515666518,33.11064042606199
2021-11-22 00:00:00+00:00,16.949877040610936,38.97633393255168,33.13508620760969
2021-11-23 00:00:00+00:00,18.176105857104613,38.93352487120046,33.20540622333358
2021-11-24 00:00:00+00:00,18.572592863577754,38.92136029121174,33.188361327790545
2021-11-26 00:00:00+00:00,43.930517555023755,43.90066002610355,36.49802000168624
2021-11-29 00:00:00+00:00,47.335935014690904,44.56461963450812,37.18907993150429
2021-11-30 00:00:00+00:00,56.57313622273212,47.5773954270737,39.40854567188897
2021-12-01 00:00:00+00:00,70.86752685498259,53.338080191185696,43.53930313332584
2021-12-02 00:00:00+00:00,75.99171003093956,56.01353327827197,45.62701152788955
2021-12-03 00:00:00+00:00,82.77716752169705,60.273993688653185,48.82780421539917
2021-12-06 00:00:00+00:00,83.70209831885546,62.19948432750996,50.36690558899555
2021-12-07 00:00:00+00:00,82.04647671332312,62.29471686671044,50.59920837769756
2021-12-08 00:00:00+00:00,80.8731428512985,62.27721585367309,50.52850492177735
2021-12-09 00:00:00+00:00,79.76149251731317,62.34532813590084,50.55445812129605
2021-12-10 00:00:00+00:00,79.77996800942161,62.37090856147206,50.46284540915684
2021-12-13 00:00:00+00:00,78.6369766053112,62.38622292841463,50.47662865903271
2021-12-14 00:00:00+00:00,76.08045088007803,62.48049515524366,50.69007688034875
2021-12-15 00:00:00+00:00,74.10587900677208,62.453600987306636,50.68462752878037
2021-12-16 00:00:00+00:00,71.34842837977189,62.437850763800824,50.674179094679126
2021-12-17 00:00:00+00:00,68.84252347098,61.352290254277996,50.83516476272601
2021-12-20 00:00:00+00:00,66.41507010846621,60.954906935760974,51.10463822513301
2021-12-21 00:00:00+00:00,64.36188237874845,60.96749342150883,51.096098986098504
2021-12-22 00:00:00+00:00,64.7894633616934,60.96749342150883,50.944712749133934
2021-12-23 00:00:00+00:00,65.95035923201642,60.943137445961746,50.76194979744177
2021-12-27 00:00:00+00:00,66.75806943987395,61.041554844374545,50.6048507058818
2021-12-28 00:00:00+00:00,65.68489446574394,60.71315069512882,50.48294733237421
2021-12-29 00:00:00+00:00,68.18408883785683,60.59613483011917,50.37498798271814
2021-12-30 00:00:00+00:00,67.31523996663972,60.25146886440548,50.19639262306891
2021-12-31 00:00:00+00:00,59.14543270145767,60.28187314180411,49.964107917310194
2022-01-03 00:00:00+00:00,54.99649653771522,60.03045285652745,49.949140966373236
2022-01-04 00:00:00+00:00,41.44701364108849,60.0318212193333,49.88357619634146
2022-01-05 00:00:00+00:00,31.2798253228197,59.919906935795524,49.89885064472832
2022-01-06 00:00:00+00:00,29.903859216611334,59.92237522636981,49.764430508298865
2022-01-07 00:00:00+00:00,29.84295429097365,59.92257236711188,49.61494451042247
2022-01-10 00:00:00+00:00,28.55827453612602,59.896145339486374,49.55497708966685
2022-01-11 00:00:00+00:00,28.62191349468117,59.886822659369784,49.423287112705886
2022-01-12 00:00:00+00:00,28.657417228229722,59.94806295924979,49.38296443847773
2022-01-13 00:00:00+00:00,27.08111798763877,59.84285872896869,49.41600800624073
2022-01-14 00:00:00+00:00,27.06312151324166,59.57931428825354,49.157945146698424
2022-01-18 00:00:00+00:00,29.794694907851365,59.75189169392153,49.44848855328129
2022-01-19 00:00:00+00:00,33.170112816732306,60.02835875996284,49.90801781907675
2022-01-20 00:00:00+00:00,38.07664273770111,60.789468350983036,50.73452040740956
2022-01-21 00:00:00+00:00,50.458408057580456,62.8997055757362,52.51733905206279
2022-01-24 00:00:00+00:00,61.67481486337734,65.49270919775151,54.62168850134916
2022-01-25 00:00:00+00:00,71.98075466440572,68.50986279552707,57.15973085045001
2022-01-26 00:00:00+00:00,80.80525508041761,71.87884215761184,59.85801712370398
2022-01-27 00:00:00+00:00,85.31058356981886,74.26248530519321,61.80447931891238
2022-01-28 00:00:00+00:00,85.34221454287379,75.07212822602564,62.828115593878344
2022-01-31 00:00:00+00:00,83.50810480000766,74.90025427567502,63.25661595456386
2022-02-01 00:00:00+00:00,81.02525119436456,74.34340119810768,63.29575882632448
2022-02-02 00:00:00+00:00,77.61667573307484,73.65799915366108,63.336622914230325
2022-02-03 00:00:00+00:00,73.9914904174681,72.88023689787204,63.572944889509074
2022-02-04 00:00:00+00:00,72.58344147896206,71.98708195901598,63.54289295232219
2022-02-07 00:00:00+00:00,71.01665316612511,71.32909251669949,63.52702856839727
2022-02-08 00:00:00+00:00,69.07709592367624,70.78782112095591,63.408977831168905
2022-02-09 00:00:00+00:00,68.61379069042346,70.44235831913426,63.18170481105106
2022-02-10 00:00:00+00:00,65.31802395412149,70.33420200810914,63.116419185263915
2022-02-11 00:00:00+00:00,61.009296733970395,70.73124958789997,63.619957749657864
2022-02-14 00:00:00+00:00,59.651770628790274,70.9645630709054,64.40947332058703
2022-02-15 00:00:00+00:00,55.32650275553794,70.41069800958998,64.78723295463392
2022-02-16 00:00:00+00:00,54.595017550629066,69.51493407111445,65.01005477214866
2022-02-17 00:00:00+00:00,54.76750198656981,69.63254461748467,65.91458998515554
2022-02-18 00:00:00+00:00,55.12060879808844,69.6770561170073,66.6868961450827
2022-02-22 00:00:00+00:00,55.09479548220067,70.05621417668853,67.5644763551593
2022-02-23 00:00:00+00:00,56.21721110279924,71.52069593226958,69.0087526794876
2022-02-24 00:00:00+00:00,55.325267383926516,72.58616282543416,70.13458041912577
2022-02-25 00:00:00+00:00,51.34112971278166,72.48679211815264,70.74640044306881
2022-02-28 00:00:00+00:00,50.962896953268725,73.00138571254745,71.68468925119248
2022-03-01 00:00:00+00:00,56.98728638453503,75.65282648095479,73.47902146668979
2022-03-02 00:00:00+00:00,59.014587139666226,76.67484927407176,74.45134790727444
2022-03-03 00:00:00+00:00,58.412081410253684,76.42996251391118,75.25367570977781
2022-03-04 00:00:00+00:00,58.51256724810344,77.77784717720071,76.43494114492422
2022-03-07 00:00:00+00:00,65.60871830545412,80.70169226416562,79.00696092179626
2022-03-08 00:00:00+00:00,68.06041108889842,83.59204235796109,81.14819037708247
2022-03-09 00:00:00+00:00,66.37056401981181,85.22735505355146,82.38114536652002
2022-03-10 00:00:00+00:00,60.800934467604534,85.69175220978434,83.1213505140206
2022-03-11 00:00:00+00:00,50.69534912026634,86.51010683836212,84.04532301813511
2022-03-14 00:00:00+00:00,46.40583230070503,86.98744811320533,85.09200119302533
2022-03-15 00:00:00+00:00,45.32434474747747,87.18273993247342,85.71023929142902
2022-03-16 00:00:00+00:00,46.55729010419495,87.07928466178404,85.75629133752938
2022-03-17 00:00:00+00:00,46.5936731669351,86.37587371030988,85.74386658879426
2022-03-18 00:00:00+00:00,47.27886274692281,85.95724025734432,85.74706415600792
2022-03-21 00:00:00+00:00,52.174001870822394,85.7344182003105,85.62802352809294
2022-03-22 00:00:00+00:00,57.13043245564586,85.72757431910563,85.582368634531
2022-03-23 00:00:00+00:00,60.917159207924115,85.39946589835442,85.57792649903632
2022-03-24 00:00:00+00:00,66.25827556726695,84.69008293400847,85.42291064766118
2022-03-25 00:00:00+00:00,71.8356116955409,83.9076061446275,85.20187086611911
2022-03-28 00:00:00+00:00,78.19041138438014,83.29494139623934,85.13684916115284
2022-03-29 00:00:00+00:00,84.09581177510991,82.83418996871467,85.26690928433764
2022-03-30 00:00:00+00:00,86.12453078771107,82.0087099084646,85.37097624811076
2022-03-31 00:00:00+00:00,87.71687116135962,80.99829332571068,85.3975038213115
2022-04-01 00:00:00+00:00,89.52688137280616,80.16712506010226,85.46356623149912
2022-04-04 00:00:00+00:00,90.23318962853567,79.3930754056912,85.61681050246195
2022-04-05 00:00:00+00:00,81.69973120692666,78.03670567181933,85.62356619109975
2022-04-06 00:00:00+00:00,72.48234085175517,77.48144148266795,85.60592810605438
2022-04-07 00:00:00+00:00,65.96934441186765,76.98613662917332,85.52550159759994
2022-04-08 00:00:00+00:00,61.57280891997079,76.28530293600794,85.39606807801194
2022-04-11 00:00:00+00:00,55.11609443308635,75.31541921071087,85.38548481882317
2022-04-12 00:00:00+00:00,44.746115436034486,73.95339139923198,85.35763577090245
2022-04-13 00:00:00+00:00,35.56918187543315,72.56222714392347,85.19807087675778
2022-04-14 00:00:00+00:00,31.39071493973041,71.9927276150621,84.83686217037227
2022-04-18 00:00:00+00:00,28.1157780973374,71.12867651349022,84.38934038783896
2022-04-19 00:00:00+00:00,26.910907182328348,71.42967357332407,83.94840680999341
2022-04-20 00:00:00+00:00,26.158940651338906,72.16368376726426,83.44691135840637
2022-04-21 00:00:00+00:00,25.975334540734515,72.42086312588694,82.84048765286073
2022-04-22 00:00:00+00:00,34.546901930092744,72.31837543828776,82.5075450272371
2022-04-25 00:00:00+00:00,39.38622988457383,71.8622250772017,82.07660911841977
2022-04-26 00:00:00+00:00,56.274035502606374,72.7501738139666,82.75571109598704
2022-04-27 00:00:00+00:00,63.587750462015364,72.62702942948698,83.0573699596679
2022-04-28 00:00:00+00:00,66.14507053374172,72.4986379297412,83.1758921072781
2022-04-29 00:00:00+00:00,72.55653632782722,74.03748660240277,83.8831400595047
2022-05-02 00:00:00+00:00,76.49522194208139,75.17593218463769,84.24611569681286
2022-05-03 00:00:00+00:00,75.63166072529941,75.05170447796289,84.04816388114114
2022-05-04 00:00:00+00:00,71.67186907285108,74.64498011662654,83.406803120311
2022-05-05 00:00:00+00:00,72.26960043748791,75.27269644535401,83.20698657528568
2022-05-06 00:00:00+00:00,72.17214556372609,75.46451538734945,82.85950911319486
2022-05-09 00:00:00+00:00,75.39347992290396,77.02417654587173,83.6111933512699
2022-05-10 00:00:00+00:00,74.91369207421249,77.44030917032542,84.0108634220404
2022-05-11 00:00:00+00:00,75.83294945430164,77.13413160399664,84.36386735085844
2022-05-12 00:00:00+00:00,75.64256615943276,77.52888954122831,84.66465323649031
2022-05-13 00:00:00+00:00,71.82468028452185,77.62036313995874,84.3667056322588
2022-05-16 00:00:00+00:00,68.64962279145045,77.57819929257778,83.67242974937389
2022-05-17 00:00:00+00:00,65.04384011743514,77.55597506414706,82.91519311563145
2022-05-18 00:00:00+00:00,58.882470946348036,77.76841509571638,82.56623520142614
2022-05-19 00:00:00+00:00,48.42152409553491,77.87532591964099,82.10977961120062
2022-05-20 00:00:00+00:00,40.61007252875363,78.00565664402001,81.71970523595488
2022-05-23 00:00:00+00:00,40.4450644837485,77.97931144249799,81.26404213082941
2022-05-24 00:00:00+00:00,38.79121291949034,77.72217831425465,81.08269010685727
2022-05-25 00:00:00+00:00,37.71443716902682,77.48984359219635,80.80913144776999
2022-05-26 00:00:00+00:00,38.44699722587644,77.48752516481815,80.33421687514021
2022-05-27 00:00:00+00:00,41.19736286619714,77.27415157275145,80.19011822602539
2022-05-31 00:00:00+00:00,40.803806374298304,76.20591396462378,80.1399144849011
2022-06-01 00:00:00+00:00,41.35935452268782,75.83184396002574,80.09310763782227
2022-06-02 00:00:00+00:00,44.07992372485651,75.56704964352859,79.64863973022265
2022-06-03 00:00:00+00:00,44.75782113067955,74.88957205310106,79.54944941985487
2022-06-06 00:00:00+00:00,45.78554334944876,72.20647393117213,79.15476824252092
2022-06-07 00:00:00+00:00,48.006150313495425,70.13819912135403,79.11138530093355
2022-06-08 00:00:00+00:00,44.127381864678775,69.12454638196841,78.9988536909533
2022-06-09 00:00:00+00:00,40.165821673079805,68.61128011376273,78.66729048017751
2022-06-10 00:00:00+00:00,35.667462273375726,68.03172425057205,78.59236830583485
2022-06-13 00:00:00+00:00,39.88172370683147,68.95278674868926,79.03589398790822
2022-06-14 00:00:00+00:00,43.74455565382634,69.82771232868531,79.40327619769623
2022-06-15 00:00:00+00:00,44.34642251559268,70.18082090613294,79.47023335955797
2022-06-16 00:00:00+00:00,47.62041467554961,71.4946865958306,79.68528425223849
2022-06-17 00:00:00+00:00,47.759523194150155,71.99646276688948,79.75346627924334
2022-06-21 00:00:00+00:00,48.15635109274553,72.17278152219582,79.79903838451773
2022-06-22 00:00:00+00:00,48.00420564124541,71.98773348226914,79.8268160864567
2022-06-23 00:00:00+00:00,48.12111660177751,71.90345634146219,79.6733353487622
2022-06-24 00:00:00+00:00,47.8899856538064,71.20235903924927,79.03510277847808
2022-06-27 00:00:00+00:00,47.96340499661029,70.1847128282263,78.23626569513557
2022-06-28 00:00:00+00:00,47.982981001518496,68.71029732924256,77.41208075900234
2022-06-29 00:00:00+00:00,47.34966802625442,66.76925092340123,76.5125431659927
2022-06-30 00:00:00+00:00,46.95235572674899,64.94486427442618,75.46976792838392
2022-07-01 00:00:00+00:00,46.42656128844049,63.5210731604534,74.40062411910118
2022-07-05 00:00:00+00:00,44.80223378621507,61.55669550914485,73.28649782928419
2022-07-06 00:00:00+00:00,43.378196467377236,58.8666288685041,71.95053817526022
2022-07-07 00:00:00+00:00,42.54170079421732,57.42513464508596,70.65493499812789
2022-07-08 00:00:00+00:00,41.78060525456881,56.64157143591547,70.04102702267694
2022-07-11 00:00:00+00:00,39.4212935451723,55.33503033054318,69.3382175419901
2022-07-12 00:00:00+00:00,38.68717568511196,53.68224202032648,68.43243331887635
2022-07-13 00:00:00+00:00,39.08123511240331,53.25127079352066,67.63945358846559
2022-07-14 00:00:00+00:00,34.31728925036312,52.822344411398284,66.58995709366525
2022-07-15 00:00:00+00:00,32.8774694584245,51.89506024103078,65.39642070819218
2022-07-18 00:00:00+00:00,33.27555750638849,51.06961758402092,64.76625823876944
2022-07-19 00:00:00+00:00,28.716908189659147,50.18569294772169,63.92148272480726
2022-07-20 00:00:00+00:00,27.143893641110395,49.06033984298387,63.79715537157839
2022-07-21 00:00:00+00:00,27.251662206923246,47.55184642471393,63.878233703292345
2022-07-22 00:00:00+00:00,28.28144586047324,47.39270005445874,64.09007488127698
2022-07-25 00:00:00+00:00,28.006082082245623,48.35829449347939,64.22797720932984
2022-07-26 00:00:00+00:00,27.938523865282107,48.79074495644164,64.15711949136848
2022-07-27 00:00:00+00:00,29.01721406020656,48.440959684110425,64.05994754830243
2022-07-28 00:00:00+00:00,29.472481328378024,49.09984308169344,63.93715041623869
2022-07-29 00:00:00+00:00,30.811649964079216,50.524098394982026,64.15502449005749
2022-08-01 00:00:00+00:00,28.664440277107357,50.0143758662459,64.36070865657189
2022-08-02 00:00:00+00:00,27.91301013202877,49.4904701800865,64.42290933616565
2022-08-03 00:00:00+00:00,27.305604160405448,50.46869263346715,64.4243575925848
2022-08-04 00:00:00+00:00,27.700291965584476,51.64989024277415,64.52224592510653
2022-08-05 00:00:00+00:00,28.56044631358671,52.33491159926082,64.902659240329
2022-08-08 00:00:00+00:00,29.779403212947027,53.12828257416695,65.15937024859853
2022-08-09 00:00:00+00:00,29.125961686296087,51.57928871665719,65.30148406886155
2022-08-10 00:00:00+00:00,28.543107670847682,51.73533821484428,65.61210132009013
2022-08-11 00:00:00+00:00,27.014581799777137,51.66870832315983,65.56461763391049
2022-08-12 00:00:00+00:00,26.084594675427784,52.11565046755763,66.20528859683485
2022-08-15 00:00:00+00:00,26.74663037578725,53.175005950297475,66.83376608371272
2022-08-16 00:00:00+00:00,25.897525408104322,54.48831501621849,67.45114952971875
2022-08-17 00:00:00+00:00,25.299127980566197,55.72518726644015,68.060768053353
2022-08-18 00:00:00+00:00,25.306300870218802,55.97828661616833,68.66970975604852
2022-08-19 00:00:00+00:00,24.935811388996097,56.25091401679624,69.08453893350307
2022-08-22 00:00:00+00:00,25.662795143892392,55.709711923052325,69.13313093544086
2022-08-23 00:00:00+00:00,26.453205134271165,55.36323526929124,69.09232805375616
2022-08-24 00:00:00+00:00,24.389854839152413,54.8691092150328,68.89853852543848
2022-08-25 00:00:00+00:00,23.576428964953028,54.841981923240795,68.89722958042941
2022-08-26 00:00:00+00:00,27.487077906821906,54.6145896796522,68.86323368575472
2022-08-29 00:00:00+00:00,31.81153193044214,54.65194652072009,68.60890406012314
2022-08-30 00:00:00+00:00,35.16384973478782,54.65381412584714,67.80407870710431
2022-08-31 00:00:00+00:00,37.120063426209796,54.66497889520807,67.4531550636713
2022-09-01 00:00:00+00:00,39.04920609056448,54.67659654729767,67.13314273309246
2022-09-02 00:00:00+00:00,40.496138686627795,54.684884404943055,66.55956156030449
2022-09-06 00:00:00+00:00,43.058924444540686,54.82201522878627,64.82040833782473
2022-09-07 00:00:00+00:00,43.248030938699976,54.79095325912228,63.42713268678656
2022-09-08 00:00:00+00:00,43.13786881306637,54.8226898156088,62.73600407409144
2022-09-09 00:00:00+00:00,41.55270029935073,54.95433716712304,62.49863630586916
2022-09-12 00:00:00+00:00,40.267896541612274,54.69883970717604,62.08721194098338
2022-09-13 00:00:00+00:00,40.1628126485919,51.703900887909974,61.48478023369954
2022-09-14 00:00:00+00:00,38.733742723404106,49.23592250760698,61.16985858880732
2022-09-15 00:00:00+00:00,36.30296564783927,48.317108849828,61.155335737981574
2022-09-16 00:00:00+00:00,33.316777180168515,45.40381944483819,61.168119117561396
2022-09-19 00:00:00+00:00,28.160063635061125,43.455392555861394,61.13295155489358
2022-09-20 00:00:00+00:00,24.678342374046515,42.22999903908962,61.12621052551532
2022-09-21 00:00:00+00:00,26.024036995479452,41.85043211440291,61.13108137654903
2022-09-22 00:00:00+00:00,26.49707270451964,41.21144999469392,61.129735839074684
2022-09-23 00:00:00+00:00,28.757573803587146,42.31306543962874,61.20491028512183
2022-09-26 00:00:00+00:00,32.74876183142136,44.87476193917302,61.55776655517383
2022-09-27 00:00:00+00:00,39.10041099440953,47.112981944038694,61.73649734564543
2022-09-28 00:00:00+00:00,40.8831100462667,47.910278801886946,61.27439199667192
2022-09-29 00:00:00+00:00,44.260185938828776,49.39497482195549,61.15110012128782
2022-09-30 00:00:00+00:00,46.61325122073628,51.18400389705154,61.19200501658146
2022-10-03 00:00:00+00:00,46.999100332658145,52.01074856307871,60.77728847081959
2022-10-04 00:00:00+00:00,46.57436401469386,52.581954474629455,59.96154681296058
2022-10-05 00:00:00+00:00,46.52870604784999,53.06046037616811,59.599422408023806
2022-10-06 00:00:00+00:00,45.83582161974342,54.270161792968125,59.607627275391366
2022-10-07 00:00:00+00:00,43.984527481739185,55.73275957965665,59.641283436314986
2022-10-10 00:00:00+00:00,40.73486051443528,57.52395227625104,59.78145706417414
2022-10-11 00:00:00+00:00,39.31121121522572,59.92605841093321,60.551310173476686
2022-10-12 00:00:00+00:00,40.941848049915805,62.19098548167265,61.266981091165164
2022-10-13 00:00:00+00:00,39.43164888489432,63.5503885280514,61.33700327618238
2022-10-14 00:00:00+00:00,37.5245519150669,64.90601625090949,61.52457227228372
2022-10-17 00:00:00+00:00,34.72987142743271,65.91134151546346,61.50942572897992
2022-10-18 00:00:00+00:00,30.087684956892748,66.52202617717188,61.22208992544413
2022-10-19 00:00:00+00:00,27.092876597298662,67.0502621843706,60.728272033636934
2022-10-20 00:00:00+00:00,25.178222165554512,67.29783806699488,60.55571646468056
2022-10-21 00:00:00+00:00,21.971803807482413,67.48999142120937,60.647987567798396
2022-10-24 00:00:00+00:00,22.02203879558865,67.84862744306106,60.774103383900616
2022-10-25 00:00:00+00:00,23.46559858498054,67.74058268240519,60.11492592436505
2022-10-26 00:00:00+00:00,25.879717766429142,67.3022831388468,59.767221847953294
2022-10-27 00:00:00+00:00,28.28185181259487,66.56507511694022,59.62053373214297
2022-10-28 00:00:00+00:00,32.401695162456264,66.18381793660922,58.945125383318846
2022-10-31 00:00:00+00:00,35.37336643569399,65.995764462843,58.459882351133395
2022-11-01 00:00:00+00:00,38.235209924633075,65.36534073525719,58.38313738872795
2022-11-02 00:00:00+00:00,40.55548227198183,64.55366094316406,58.36442233705307
2022-11-03 00:00:00+00:00,43.14475884171147,63.651645965069626,58.078391681533205
2022-11-04 00:00:00+00:00,46.20364606449493,62.85736528701016,57.967502600983536
2022-11-07 00:00:00+00:00,48.420781909966024,62.237356852429805,56.94225282999947
2022-11-08 00:00:00+00:00,47.907741202374964,60.631602928072326,56.2535308819425
2022-11-09 00:00:00+00:00,44.849712659881064,59.12334321361155,55.62147336066131
2022-11-10 00:00:00+00:00,43.11995436984533,57.600700533562886,55.29378474776301
2022-11-11 00:00:00+00:00,43.816889488464646,56.53669119433767,55.47941457859536
2022-11-14 00:00:00+00:00,41.8378521866294,54.94876979434488,55.59591039245128
2022-11-15 00:00:00+00:00,39.17926558365839,53.22296116027666,55.65906472708921
2022-11-16 00:00:00+00:00,37.248926207946596,51.30967898318339,55.377663687710324
2022-11-17 00:00:00+00:00,34.18671131369895,49.962548885748085,55.3214009155477
2022-11-18 00:00:00+00:00,32.09523889455423,50.17594831489189,55.32909252374158
2022-11-21 00:00:00+00:00,30.274542413344843,50.74985117713314,55.51589537574645
2022-11-22 00:00:00+00:00,28.292653036829865,51.38618263343898,55.76202552898343
2022-11-23 00:00:00+00:00,29.111507353864592,52.08185401581954,56.2752719762153
2022-11-25 00:00:00+00:00,30.235658457218904,53.70542092538911,56.79413771267508
2022-11-28 00:00:00+00:00,28.44656250781504,54.583313164253155,57.05170386439865
2022-11-29 00:00:00+00:00,28.378907703269846,55.54555870777503,57.34964534334376
2022-11-30 00:00:00+00:00,29.150562225180053,56.98483871279046,57.85641008597754
2022-12-01 00:00:00+00:00,30.336788348764976,58.674936895622,58.473599732380166
2022-12-02 00:00:00+00:00,31.7984522718052,60.658511988035016,59.251112068379655
2022-12-05 00:00:00+00:00,31.24328785625256,61.835000510682846,59.68124811033252
2022-12-06 00:00:00+00:00,30.460599570896267,62.35792450451316,59.85145233602978
2022-12-07 00:00:00+00:00,29.72169845911149,62.567761302907044,59.958715266667525
2022-12-08 00:00:00+00:00,27.467877653006493,62.69953112083525,60.16278640960895
2022-12-09 00:00:00+00:00,23.82616848275647,62.917512808596896,60.23945200889305
2022-12-12 00:00:00+00:00,25.421889647387125,62.980189185786905,59.07814356890696
2022-12-13 00:00:00+00:00,25.42717802019804,63.481644170812814,58.3833912983532
2022-12-14 00:00:00+00:00,25.017458374804487,64.3758392028141,58.43317229176901
2022-12-15 00:00:00+00:00,23.53615448048164,64.77189757306924,57.58425258312194
2022-12-16 00:00:00+00:00,22.370420459427848,65.19138897152418,57.14381699219138
2022-12-19 00:00:00+00:00,21.23003578826792,65.62535415106194,56.87805210745298
2022-12-20 00:00:00+00:00,20.73101243800985,66.2030326528326,56.89453469535351
2022-12-21 00:00:00+00:00,21.395081636788156,67.24719655334387,57.101617514844754
2022-12-22 00:00:00+00:00,21.38249196775363,67.24658655513427,57.204680348116035
2022-12-23 00:00:00+00:00,21.04895816005191,66.71108236246036,57.46133118025836
2022-12-27 00:00:00+00:00,20.59329122033987,65.6945618506231,57.47421225463686
2022-12-28 00:00:00+00:00,20.575315494019097,65.34654171027779,57.44447450478417
2022-12-29 00:00:00+00:00,20.596825121766596,64.4843100215545,57.4142245516675
2022-12-30 00:00:00+00:00,20.170096768713304,63.54256744845045,57.54171867875064
2023-01-03 00:00:00+00:00,19.216353579503007,62.85644527351503,57.48467666750752
2023-01-04 00:00:00+00:00,16.135129635339307,62.56591733884772,57.56112501273984
2023-01-05 00:00:00+00:00,15.444404882687866,62.28665848416824,57.62816166571125
2023-01-06 00:00:00+00:00,15.844072106030753,61.57974154506214,57.859250109997355
2023-01-09 00:00:00+00:00,15.708248023077186,60.24122914369611,57.957239127830505
2023-01-10 00:00:00+00:00,16.501407362425113,58.48994680059472,58.13478826403364
2023-01-11 00:00:00+00:00,16.48241592329476,55.63739041733019,58.27222910332026
2023-01-12 00:00:00+00:00,15.721411198603613,53.15920303580321,58.78841932963145
2023-01-13 00:00:00+00:00,18.95794139139354,51.66264006384798,59.440404990737896
2023-01-17 00:00:00+00:00,20.23750929223018,49.4506105403046,59.874872477614474
2023-01-18 00:00:00+00:00,19.737453151195634,47.104587952091435,60.15914728696645
2023-01-19 00:00:00+00:00,19.17599056847946,45.037168347617765,60.409103411191424
2023-01-20 00:00:00+00:00,19.025023383224582,42.70335312523342,60.72576253984752
2023-01-23 00:00:00+00:00,19.353984935710944,40.65414833751443,61.04057004344418
2023-01-24 00:00:00+00:00,20.0492207590757,38.74221567036066,61.459999229111894
2023-01-25 00:00:00+00:00,20.533748698584947,36.44974168290763,61.903627332717576
2023-01-26 00:00:00+00:00,21.652590890512464,35.054213313556474,62.38342239429385
2023-01-27 00:00:00+00:00,22.49415851615759,34.32628661972049,62.85215571019141
2023-01-30 00:00:00+00:00,21.719723455291746,32.87800673027628,63.01137055856376
2023-01-31 00:00:00+00:00,21.60275493491647,32.38232862064108,63.34851054837009
2023-02-01 00:00:00+00:00,22.498190342030775,32.34144904146948,63.972925144679245
2023-02-02 00:00:00+00:00,20.4877898397153,31.843434173392676,64.35503767782363
2023-02-03 00:00:00+00:00,19.646045988354572,31.362747779549125,64.76358510937511
2023-02-06 00:00:00+00:00,16.93449462432531,30.691677260792986,64.96579531382552
2023-02-07 00:00:00+00:00,16.221110628859787,30.53054665566534,65.29795812120781
2023-02-08 00:00:00+00:00,13.438651516004919,30.10325648819408,65.51802546955744
2023-02-09 00:00:00+00:00,13.5958363227419,28.847085367109415,65.40430550360578
2023-02-10 00:00:00+00:00,12.808924230872925,27.107601181438213,65.36694453671113
2023-02-13 00:00:00+00:00,13.138537970582181,26.698945046627088,65.26427852504307
2023-02-14 00:00:00+00:00,12.713007166411526,26.87319157553801,65.41222682051064
2023-02-15 00:00:00+00:00,13.369116872119914,26.85721014424076,65.63999425460084
2023-02-16 00:00:00+00:00,13.22575229358366,25.865022705238328,65.60689118530668
2023-02-17 00:00:00+00:00,12.77953512134281,25.048957214517944,65.5469476722529
2023-02-21 00:00:00+00:00,17.65762912512191,24.593219485107088,65.38584543983653
2023-02-22 00:00:00+00:00,20.153433705150523,24.3248759163372,65.43227676346194
2023-02-23 00:00:00+00:00,20.780169224844418,24.11875760956349,65.56025076313104
2023-02-24 00:00:00+00:00,21.73490082205758,24.16632235408909,65.62258469518068
2023-02-27 00:00:00+00:00,21.699327136561127,24.15680582721142,65.68975614311681
2023-02-28 00:00:00+00:00,21.226696754006465,24.151736257655504,65.81612965960927
2023-03-01 00:00:00+00:00,21.31011060065463,23.971189988341024,65.90944052111048
2023-03-02 00:00:00+00:00,21.246569727899868,23.958744499377822,66.10916791129294
2023-03-03 00:00:00+00:00,20.536456845832788,24.35898212117245,66.47998369365058
2023-03-06 00:00:00+00:00,20.64080864587564,24.649081401686832,66.83530737945836
2023-03-07 00:00:00+00:00,19.729955206575664,24.53376986380227,67.04683644903609
2023-03-08 00:00:00+00:00,19.90705008516161,24.72391238774615,67.20150664002465
2023-03-09 00:00:00+00:00,20.902451017368893,24.851397460091572,67.20188605142125
2023-03-10 00:00:00+00:00,25.838713108174474,25.90286623168502,67.22248487040788
2023-03-13 00:00:00+00:00,33.07005188906827,28.259042699096355,67.33510101290057
2023-03-14 00:00:00+00:00,34.51380432725711,28.586659426406154,67.33452117019999
2023-03-15 00:00:00+00:00,38.7165828912618,29.357428240014706,67.23130858066388
2023-03-16 00:00:00+00:00,38.15547138804288,29.479426063726805,67.14233113768745
2023-03-17 00:00:00+00:00,38.70445491373389,30.962661638935597,67.09060128807901
2023-03-20 00:00:00+00:00,39.02947392930056,31.417382593431967,66.98633936130301
2023-03-21 00:00:00+00:00,38.438764132146616,31.23189256875763,66.98851543389164
2023-03-22 00:00:00+00:00,38.3362696822782,31.200560669045394,66.81719121492098
2023-03-23 00:00:00+00:00,38.37871670249648,31.37689642638146,66.52581435758611
2023-03-24 00:00:00+00:00,38.254791627214466,31.385342371915595,66.34200158409732
2023-03-27 00:00:00+00:00,38.57832696265321,31.311330199506745,65.81483347639559
2023-03-28 00:00:00+00:00,39.07069397973049,31.361563447834733,64.7541869298563
2023-03-29 00:00:00+00:00,40.095261227431926,31.50488403132676,63.63575521518811
2023-03-30 00:00:00+00:00,41.09865422031727,31.584584077415446,63.11041360046878
2023-03-31 00:00:00+00:00,41.820577814109036,31.817060974768992,62.160437904727175
2023-04-03 00:00:00+00:00,41.76134638552336,32.04551303173717,61.235756569926586
2023-04-04 00:00:00+00:00,41.40683640115671,31.886592556098428,60.60169491325331
2023-04-05 00:00:00+00:00,41.78796279618515,31.89791352676315,60.15646313591179
2023-04-06 00:00:00+00:00,42.42916058266087,31.94435818027981,59.87869187266407
2023-04-10 00:00:00+00:00,43.369466834359336,32.05971073906635,59.02849226104839
2023-04-11 00:00:00+00:00,42.52858197374748,32.0216854017932,57.86543270026625
2023-04-12 00:00:00+00:00,38.67695598812845,32.12760083360962,56.26446923846272
2023-04-13 00:00:00+00:00,38.77618193938623,32.505398317378095,54.27070116993625
2023-04-14 00:00:00+00:00,35.23809506001168,33.02240488646882,52.281387015232596
2023-04-17 00:00:00+00:00,35.516726394347245,33.47471627643568,50.85379057628757
2023-04-18 00:00:00+00:00,30.832197154709565,34.13381435884917,49.30312515326318
2023-04-19 00:00:00+00:00,27.70119864254955,34.96041921570033,47.977392770445796
2023-04-20 00:00:00+00:00,27.317377030531606,35.46634942574599,46.74190425722846
2023-04-21 00:00:00+00:00,25.56454348195369,36.0934692735676,45.385240516244416
2023-04-24 00:00:00+00:00,22.014150067659617,36.64974881053645,44.2110898673678
2023-04-25 00:00:00+00:00,18.534126937374435,36.700856811959575,42.75235952101972
2023-04-26 00:00:00+00:00,16.69357478799582,36.72909172633945,41.11918651350958
2023-04-27 00:00:00+00:00,15.889065748810104,37.12713419563682,40.22709165825036
2023-04-28 00:00:00+00:00,17.27640705821645,37.962676276463945,39.96653416357775
2023-05-01 00:00:00+00:00,17.90220509350452,38.743927470007016,39.538562981517316
2023-05-02 00:00:00+00:00,17.585511310235383,38.961928561390664,39.190531159003164
2023-05-03 00:00:00+00:00,17.477346079159858,38.87543006859101,38.69904733068162
2023-05-04 00:00:00+00:00,18.835666046634536,38.80829393283136,38.05244591941776
2023-05-05 00:00:00+00:00,18.316776758787626,39.06100705524797,37.69064188620008
2023-05-08 00:00:00+00:00,18.27906141717042,39.47941106017372,37.482532545127135
2023-05-09 00:00:00+00:00,17.613475171581037,39.63978096284293,37.29203078028937
2023-05-10 00:00:00+00:00,16.800797748179953,40.05523415561143,37.25674034450147
2023-05-11 00:00:00+00:00,15.787486042484854,40.409532306795164,36.90960191128945
2023-05-12 00:00:00+00:00,15.737365733925767,40.728629381591574,36.3427222481461
2023-05-15 00:00:00+00:00,15.728498785710343,41.018942865580534,36.35582792749233
2023-05-16 00:00:00+00:00,15.83446604132288,41.12399157383601,36.371763476745414
2023-05-17 00:00:00+00:00,15.817966466327261,41.3967204834134,36.36159226705622
2023-05-18 00:00:00+00:00,16.174595790923288,41.97208504792198,36.322662944919536
2023-05-19 00:00:00+00:00,16.272719429897624,42.30309528032383,36.196713689080056
2023-05-22 00:00:00+00:00,16.152056414316675,41.961093127806095,36.01813626095436
2023-05-23 00:00:00+00:00,16.55341339620769,41.569154757363776,35.81826169834502
2023-05-24 00:00:00+00:00,18.327300077293348,41.429481581034004,35.664061573906814
2023-05-25 00:00:00+00:00,18.632270308861518,41.1471356240615,35.63839992829968
2023-05-26 00:00:00+00:00,18.60855478855521,41.08113503498654,35.751700920661484
2023-05-30 00:00:00+00:00,17.470328519011115,41.11251777727033,35.920033319271
2023-05-31 00:00:00+00:00,16.555240111711306,41.0789055591292,35.886532999508134
2023-06-01 00:00:00+00:00,18.033900202502874,41.643816282947896,36.27825740269477
2023-06-02 00:00:00+00:00,20.614191475992943,42.57198413958177,37.02006190155222
2023-06-05 00:00:00+00:00,20.28868342677291,43.41027223501117,37.71372324381414
2023-06-06 00:00:00+00:00,23.158618103267827,44.50594586644716,38.58972328077721
2023-06-07 00:00:00+00:00,25.515705459727606,45.564687164421805,39.4232820903375
2023-06-08 00:00:00+00:00,27.649076631628812,46.0036880901857,40.17528209935318
2023-06-09 00:00:00+00:00,29.34438482963644,45.230271801699914,40.76100531334471
2023-06-12 00:00:00+00:00,29.776572489342755,42.6541845812037,41.07289419552749
2023-06-13 00:00:00+00:00,30.359439259759494,41.786382504527815,41.369587078924745
2023-06-14 00:00:00+00:00,31.364757319353295,39.33151102913425,41.337749294058256
2023-06-15 00:00:00+00:00,31.160465428725885,38.53579117731413,41.64292130609948
2023-06-16 00:00:00+00:00,32.131496393186204,36.13795004589085,42.337333747262306
2023-06-20 00:00:00+00:00,32.83969753936334,34.35356082254813,42.68639160268801
2023-06-21 00:00:00+00:00,33.74661221271254,34.42308117664173,43.214554904076564
2023-06-22 00:00:00+00:00,34.415064746240965,34.020836098353385,43.81569275209872
2023-06-23 00:00:00+00:00,33.03036963346128,32.964532010354596,44.36702770231493
2023-06-26 00:00:00+00:00,27.911000306131804,31.978783973944665,44.8260655238599
2023-06-27 00:00:00+00:00,23.379187293597482,31.680668553641492,45.19248485375083
2023-06-28 00:00:00+00:00,20.26209250615172,31.700240693452393,45.732508056358085
2023-06-29 00:00:00+00:00,17.073201743566262,31.912123774436278,46.13476616536534
2023-06-30 00:00:00+00:00,10.427941107995313,32.07407320959027,46.430474551321545
2023-07-03 00:00:00+00:00,8.594931683645367,32.28204609329962,46.801070034201615
2023-07-05 00:00:00+00:00,8.278311733556754,32.29060390661052,46.996791805009515
2023-07-06 00:00:00+00:00,9.480139237738209,31.883675768559335,46.77339812611252
2023-07-07 00:00:00+00:00,10.003645340511625,31.50248953483779,46.77199810951347
2023-07-10 00:00:00+00:00,10.72834534109513,31.269827636986857,46.64206782183783
2023-07-11 00:00:00+00:00,11.021173953291054,30.85439402974071,46.728544229320214
2023-07-12 00:00:00+00:00,11.14285757577176,30.662902602037732,46.90640138900929
2023-07-13 00:00:00+00:00,10.663661202157042,30.386896546929915,47.231456381011526
2023-07-14 00:00:00+00:00,10.626438316745842,30.578895202442435,47.53167141905012
2023-07-17 00:00:00+00:00,10.73519425123454,30.842104727169854,47.96501972384482
2023-07-18 00:00:00+00:00,10.696223182095153,31.15153172076081,48.43123869379495
2023-07-19 00:00:00+00:00,10.644513607877451,31.320579898409434,48.76342213760984
2023-07-20 00:00:00+00:00,10.654677344619477,31.464237124758203,48.967109667144044
2023-07-21 00:00:00+00:00,10.430443145065372,31.57530707718681,49.20296316786721
2023-07-24 00:00:00+00:00,9.817644408437197,31.66179199947979,49.43576791054267
2023-07-25 00:00:00+00:00,9.66214767535492,31.721439783496823,49.66734362681667
2023-07-26 00:00:00+00:00,9.936042663162635,31.351905656256505,50.04383007653187
2023-07-27 00:00:00+00:00,10.073860335706122,30.629054265958175,50.22350714960557
2023-07-28 00:00:00+00:00,10.141827587967237,30.69592787955588,50.57598325064858
2023-07-31 00:00:00+00:00,10.103739198365744,30.856333909099305,50.87679655778652
2023-08-01 00:00:00+00:00,10.029162862071185,30.92162700476493,51.029651937535576
2023-08-02 00:00:00+00:00,12.372580822604242,30.534971961684974,51.002946845074256
2023-08-03 00:00:00+00:00,13.947313774084863,29.89782545170018,51.0510947309287
2023-08-04 00:00:00+00:00,16.78444054774861,28.45442952482911,51.024745413197934
2023-08-07 00:00:00+00:00,17.511318151338443,28.17205062771181,51.06914210415947
2023-08-08 00:00:00+00:00,18.312571077285345,27.970023870282493,51.0359041059961
2023-08-09 00:00:00+00:00,19.111626277439928,27.513351544254423,51.04986883936236
2023-08-10 00:00:00+00:00,19.522751628785322,27.292887014078488,51.001366948315365
2023-08-11 00:00:00+00:00,19.298048182253837,27.01795028641737,50.908921876774
2023-08-14 00:00:00+00:00,18.81765408267871,26.69922362781695,50.83107635096244
2023-08-15 00:00:00+00:00,19.393206266057266,26.513625953624587,50.66043077210551
2023-08-16 00:00:00+00:00,19.860239907083674,26.05508809087287,50.61159170963289
2023-08-17 00:00:00+00:00,21.88670855925984,26.441602622907116,50.600746362515885
2023-08-18 00:00:00+00:00,22.738513723037546,26.770836688686668,50.43026272702301
2023-08-21 00:00:00+00:00,22.76364891042944,26.868152392815265,50.27390264054746
2023-08-22 00:00:00+00:00,22.646396817897887,26.79085289860998,49.6235178509729
2023-08-23 00:00:00+00:00,21.78992969778036,25.8804927043371,49.10953026190647
2023-08-24 00:00:00+00:00,20.39249975812506,24.172621460301297,48.773525028327185
2023-08-25 00:00:00+00:00,19.706879024690846,22.633815647711163,48.37208374525563
2023-08-28 00:00:00+00:00,17.61425785471191,21.73140619270755,48.12637914883107
2023-08-29 00:00:00+00:00,16.401010198889278,21.043429937888934,47.966439933079776
2023-08-30 00:00:00+00:00,16.483408189081967,20.069018744763415,47.87729648685916
2023-08-31 00:00:00+00:00,18.591383982423057,20.084793038959734,47.949044226330464
2023-09-01 00:00:00+00:00,21.04198519307454,20.319922345143322,48.18186273777133
2023-09-05 00:00:00+00:00,21.355955381642147,20.353202280211516,48.271903725865016
2023-09-06 00:00:00+00:00,21.75024483389909,20.31456823264193,48.21167504151139
2023-09-07 00:00:00+00:00,22.076323936465272,20.27430991190612,48.20094308672964
2023-09-08 00:00:00+00:00,22.747738010587263,20.241252985856534,47.6186166179091
2023-09-11 00:00:00+00:00,23.35180432695028,20.246062094959797,46.329130685456235
2023-09-12 00:00:00+00:00,23.60248582343966,20.244023848205696,44.194881687334956
2023-09-13 00:00:00+00:00,24.37964044617319,20.367708201091858,43.14521925456264
2023-09-14 00:00:00+00:00,25.29501495651175,20.62508916366709,41.11395822855067
2023-09-15 00:00:00+00:00,24.833347319380593,20.683128691592202,40.11560970991934
2023-09-18 00:00:00+00:00,22.49066850574383,20.61173591941402,37.95580843965733
2023-09-19 00:00:00+00:00,20.50992964139576,20.585918025625837,36.26842739119236
2023-09-20 00:00:00+00:00,18.433005969299174,20.427840483444275,35.46577383468388
2023-09-21 00:00:00+00:00,19.4811761191562,20.96588854392278,34.383573468589304
2023-09-22 00:00:00+00:00,21.04328040441615,21.41316760320472,33.08478240261801
2023-09-25 00:00:00+00:00,20.589831882297393,21.823850502779354,32.044195099407105
2023-09-26 00:00:00+00:00,25.39008204620296,23.255699628320723,31.629126531888442
2023-09-27 00:00:00+00:00,28.159628680854475,24.023842800385562,31.260314935176485
2023-09-28 00:00:00+00:00,29.39428541556099,24.330180272541885,30.97939376022953
2023-09-29 00:00:00+00:00,30.354174111555633,24.677744330925712,30.73545371074228
2023-10-02 00:00:00+00:00,30.906551818572346,25.011463778956678,30.56449882770391
2023-10-03 00:00:00+00:00,33.326222351384466,26.614886594675447,30.83861738079763
2023-10-04 00:00:00+00:00,34.20247727947943,27.454738479998518,30.755704997013726
2023-10-05 00:00:00+00:00,34.9151128182052,28.189969411638778,30.638892374289714
2023-10-06 00:00:00+00:00,34.66103437197365,28.506348603407393,30.503522404809885
2023-10-09 00:00:00+00:00,33.881175398466205,28.869234934937253,30.286225772646272
2023-10-10 00:00:00+00:00,32.56637860270548,28.80044082646852,29.964445857718836
2023-10-11 00:00:00+00:00,31.505981922606438,28.581836660897,29.585004541829893
2023-10-12 00:00:00+00:00,29.317916712443367,28.340962723307474,29.468342687275218
2023-10-13 00:00:00+00:00,26.711872809876688,29.010272391104596,29.848372448988275
2023-10-16 00:00:00+00:00,23.81630797350549,28.782688548635665,29.872242590148467
2023-10-17 00:00:00+00:00,20.670199227002378,28.83352798219678,29.98749950279773
2023-10-18 00:00:00+00:00,17.570586125583997,29.4161512150439,30.374566537161954
2023-10-19 00:00:00+00:00,19.33920227398927,31.082408799847567,31.346360709751576
2023-10-20 00:00:00+00:00,23.10373100644816,32.84399434394559,32.41945118672163
2023-10-23 00:00:00+00:00,23.962072711422234,33.61437174817796,33.01811877996357
2023-10-24 00:00:00+00:00,23.445969863922773,33.49879961977054,33.05672043721529
2023-10-25 00:00:00+00:00,24.16181944713902,34.16760346145982,33.35637770550426
2023-10-26 00:00:00+00:00,25.26376706502383,34.657197356092965,34.00661242402151
2023-10-27 00:00:00+00:00,26.378785291494477,35.445669924079354,34.8457271666734
2023-10-30 00:00:00+00:00,26.12701446678093,35.56105427358545,35.260208365134595
2023-10-31 00:00:00+00:00,25.854416202022307,35.6513157801884,35.30120005336832
2023-11-01 00:00:00+00:00,26.62888768989436,35.612510426190234,35.16307602466271
2023-11-02 00:00:00+00:00,28.78087545238852,35.67313775304637,34.6679995509437
2023-11-03 00:00:00+00:00,31.5984241095524,35.80917293269328,34.649811568835176
2023-11-06 00:00:00+00:00,33.835955943062295,35.96806049396379,34.64500994672399
2023-11-07 00:00:00+00:00,35.979384208734146,36.13822766094898,34.5801003910924
2023-11-08 00:00:00+00:00,38.119866249041905,36.37792162617911,34.60322120442982
2023-11-09 00:00:00+00:00,38.7516530205342,36.2971467474053,34.57721651585263
2023-11-10 00:00:00+00:00,40.81869641211241,36.45498086687681,34.61389529575201
2023-11-13 00:00:00+00:00,41.94530772847589,36.65148255503527,34.594559218487724
2023-11-14 00:00:00+00:00,43.72635634405551,36.98273286986691,34.527491918883825
2023-11-15 00:00:00+00:00,45.276318539718574,37.19820758367534,34.562645144991734
2023-11-16 00:00:00+00:00,45.999755216402825,37.42605992294787,34.617736800117704
2023-11-17 00:00:00+00:00,44.74855881868977,37.784834318178724,34.689108022693866
2023-11-20 00:00:00+00:00,42.51606829256909,38.24809853421258,34.771947518358076
2023-11-21 00:00:00+00:00,41.257090105259095,38.718375726773615,34.68471989866809
2023-11-22 00:00:00+00:00,41.33356217836183,39.297466363847555,34.33274315760736
2023-11-24 00:00:00+00:00,39.64043441549111,40.01447415043143,34.23291786473447
2023-11-27 00:00:00+00:00,35.802324556411456,40.572112607098724,34.288163835548154
2023-11-28 00:00:00+00:00,28.66672501835415,41.02711765130051,34.39560395941744
2023-11-29 00:00:00+00:00,22.391305986031874,41.268391522209946,34.38399640537578
2023-11-30 00:00:00+00:00,18.07221748932352,41.45277921736398,34.56034629744299
2023-12-01 00:00:00+00:00,15.61809790995679,41.59968613017603,34.76154226653705
2023-12-04 00:00:00+00:00,14.414010937529952,41.832273332418275,34.90016727970132
2023-12-05 00:00:00+00:00,14.092288276770102,42.21015910429678,35.024375015749186
2023-12-06 00:00:00+00:00,13.529248873238132,42.53698668625599,35.1293147139993
2023-12-07 00:00:00+00:00,12.837116418057617,42.730339491748346,35.19616131664218
2023-12-08 00:00:00+00:00,12.897827523013046,43.13631621648701,35.384947398227716
2023-12-11 00:00:00+00:00,11.099464801147995,43.523277717059386,35.58609183087676
2023-12-12 00:00:00+00:00,11.295261338485576,43.94384188789312,35.86531644351452
2023-12-13 00:00:00+00:00,10.13689946065164,44.14518283874311,36.07713017161688
2023-12-14 00:00:00+00:00,9.423694681260857,44.48374745039747,36.27599129008011
2023-12-15 00:00:00+00:00,8.55899616100645,44.919880243650105,36.43902902865734
2023-12-18 00:00:00+00:00,6.758232294223095,45.27857799733667,36.58576602719152
2023-12-19 00:00:00+00:00,5.680008809096571,45.75282198868728,36.672808110569484
2023-12-20 00:00:00+00:00,6.133731701640616,45.826106493964566,36.59184282923092
2023-12-21 00:00:00+00:00,6.588190194234214,45.931290580105625,36.57234666038906
2023-12-22 00:00:00+00:00,6.6544126246079625,46.1825028330527,36.67882691918719
2023-12-26 00:00:00+00:00,6.615591233685634,46.002862583732906,36.75512569465131
2023-12-27 00:00:00+00:00,6.718776933937373,46.107331095622925,36.880018215272955
2023-12-28 00:00:00+00:00,6.792051284396575,46.33850902190295,37.008336459818224
2023-12-29 00:00:00+00:00,6.817287194942905,46.507612937833194,37.14309097771744
